,Interface,Remote_Interface
0,site-a-br-1[ge-0/0/2],site-a-br-2[ge-0/0/2]
1,site-a-br-2[ge-0/0/2],site-a-br-1[ge-0/0/2]
2,site-a-br-1[ge-0/0/3],site-a-fw-1[ge-0/0/1]
3,site-a-fw-1[ge-0/0/1],site-a-br-1[ge-0/0/3]
4,site-a-br-2[ge-0/0/3],site-a-fw-2[ge-7/0/1]
5,site-a-fw-2[ge-7/0/1],site-a-br-2[ge-0/0/3]
6,site-a-fw-1[fab0],site-a-fw-2[fab1]
7,site-a-fw-2[fab1],site-a-fw-1[fab0]
8,site-a-br-1[ge-0/0/0],site-b-br-1[ge-0/0/0]
9,site-b-br-1[ge-0/0/0],site-a-br-1[ge-0/0/0]
10,site-a-br-2[ge-0/0/0],site-b-br-2[ge-0/0/0]
11,site-b-br-2[ge-0/0/0],site-a-br-2[ge-0/0/0]
12,site-b-br-1[ge-0/0/2],site-b-br-2[ge-0/0/2]
13,site-b-br-2[ge-0/0/2],site-b-br-1[ge-0/0/2]
14,site-b-br-1[ge-0/0/3],site-b-fw-1[ge-0/0/1]
15,site-b-fw-1[ge-0/0/1],site-b-br-1[ge-0/0/3]
16,site-b-br-2[ge-0/0/3],site-b-fw-2[ge-7/0/1]
17,site-b-fw-2[ge-7/0/1],site-b-br-2[ge-0/0/3]
18,site-b-fw-1[fab0],site-b-fw-2[fab1]
19,site-b-fw-2[fab1],site-b-fw-1[fab0]
