,Interface,VRF,Process_ID,OSPF_Area_Name,OSPF_Enabled,OSPF_Passive,OSPF_Cost,OSPF_Network_Type,OSPF_Hello_Interval,OSPF_Dead_Interval
0,site-b-fw-2[ge-7/0/2.0],default,default,20,True,False,1,POINT_TO_POINT,10,40
1,site-b-fw-1[ge-7/0/1.0],default,default,20,True,False,1,POINT_TO_POINT,10,40
2,site-b-fw-2[ge-7/0/1.0],default,default,20,True,False,1,POINT_TO_POINT,10,40
3,site-a-br-2[ge-0/0/3.0],default,default,10,True,False,1,BROADCAST,10,40
4,site-a-br-1[ge-0/0/3.0],default,default,10,True,False,1,BROADCAST,10,40
5,site-b-fw-1[ge-7/0/2.0],default,default,20,True,False,1,POINT_TO_POINT,10,40
6,site-a-fw-1[ge-0/0/2.0],default,default,10,True,False,1,POINT_TO_POINT,10,40
7,site-a-fw-1[ge-0/0/1.0],default,default,10,True,False,1,POINT_TO_POINT,10,40
8,site-a-br-1[ge-0/0/2.0],default,default,0,True,False,1,BROADCAST,10,40
9,site-a-br-2[ge-0/0/1.0],default,default,0,True,False,1,BROADCAST,10,40
10,site-a-br-2[ge-0/0/2.0],default,default,0,True,False,1,BROADCAST,10,40
11,site-a-br-1[ge-0/0/1.0],default,default,0,True,False,1,BROADCAST,10,40
12,site-a-br-1[ge-0/0/0.0],default,default,0,True,False,1,BROADCAST,10,40
13,site-a-br-2[ge-0/0/0.0],default,default,0,True,False,1,BROADCAST,10,40
14,site-b-fw-1[ge-0/0/1.0],default,default,20,True,False,1,POINT_TO_POINT,10,40
15,site-b-fw-1[ge-0/0/2.0],default,default,20,True,False,1,POINT_TO_POINT,10,40
16,site-b-fw-2[ge-0/0/1.0],default,default,20,True,False,1,POINT_TO_POINT,10,40
17,site-b-fw-2[ge-0/0/2.0],default,default,20,True,False,1,POINT_TO_POINT,10,40
18,site-a-fw-1[ge-7/0/2.0],default,default,10,True,False,1,POINT_TO_POINT,10,40
19,site-b-br-1[ge-0/0/3.0],default,default,20,True,False,1,BROADCAST,10,40
20,site-b-br-2[ge-0/0/3.0],default,default,20,True,False,1,BROADCAST,10,40
21,site-a-fw-2[ge-7/0/1.0],default,default,10,True,False,1,POINT_TO_POINT,10,40
22,site-a-fw-2[ge-7/0/2.0],default,default,10,True,False,1,POINT_TO_POINT,10,40
23,site-a-fw-1[ge-7/0/1.0],default,default,10,True,False,1,POINT_TO_POINT,10,40
24,site-a-fw-2[ge-0/0/1.0],default,default,10,True,False,1,POINT_TO_POINT,10,40
25,site-b-br-1[ge-0/0/1.0],default,default,0,True,False,1,BROADCAST,10,40
26,site-b-br-1[ge-0/0/2.0],default,default,0,True,False,1,BROADCAST,10,40
27,site-b-br-2[ge-0/0/1.0],default,default,0,True,False,1,BROADCAST,10,40
28,site-b-br-2[ge-0/0/2.0],default,default,0,True,False,1,BROADCAST,10,40
29,site-b-br-1[ge-0/0/0.0],default,default,0,True,False,1,BROADCAST,10,40
30,site-b-br-2[ge-0/0/0.0],default,default,0,True,False,1,BROADCAST,10,40
31,site-a-fw-2[ge-0/0/2.0],default,default,10,True,False,1,POINT_TO_POINT,10,40
